{
  "roc_auc": 0.6396458734570731,
  "avg_precision": 0.060558746334582525,
  "brier": 0.23526670303010958,
  "n_train": 536317,
  "n_val": 134080,
  "positive_rate_train": 0.03944495512914936,
  "positive_rate_val": 0.03944659904534606
}