{
  "n_train": 536317,
  "n_test": 134080,
  "positive_rate_train": 0.03944495512914936,
  "positive_rate_test": 0.03944659904534606,
  "roc_auc": 0.63964986948982,
  "pr_auc": 0.060446201678560574,
  "brier": 0.2353085664409992,
  "confusion_matrix_0_5": [
    [
      74210,
      54581
    ],
    [
      1981,
      3308
    ]
  ]
}