{
  "n_train": 21155,
  "n_test": 5289,
  "mean_observed_cost": 2124.9466193987523,
  "mean_predicted_cost": 2200.6975029804466,
  "mae": 2069.6159644375302,
  "rmse": 10272.618288371901
}