{
  "roc_auc": 0.6396473884849183,
  "avg_precision": 0.060559140880870416,
  "brier": 0.03756906024077208,
  "positive_rate_val": 0.03944659904534606,
  "n_train": 536317,
  "n_val": 134080
}